,name
1,https://www.nanbyou.or.jp/entry/73
2,https://www.nanbyou.or.jp/entry/52
3,https://www.nanbyou.or.jp/entry/135
4,https://www.nanbyou.or.jp/entry/92
5,https://www.nanbyou.or.jp/entry/4114
6,https://www.nanbyou.or.jp/entry/169
7,https://www.nanbyou.or.jp/entry/142
8,https://www.nanbyou.or.jp/entry/175
9,https://www.nanbyou.or.jp/entry/4051
10,https://www.nanbyou.or.jp/entry/3773
11,https://www.nanbyou.or.jp/entry/120
12,https://www.nanbyou.or.jp/entry/3963
13,https://www.nanbyou.or.jp/entry/3806
14,https://www.nanbyou.or.jp/entry/4089
15,https://www.nanbyou.or.jp/entry/3801
16,https://www.nanbyou.or.jp/entry/82
17,https://www.nanbyou.or.jp/entry/5365
18,https://www.nanbyou.or.jp/entry/4879
19,https://www.nanbyou.or.jp/entry/4063
20,https://www.nanbyou.or.jp/entry/186
21,https://www.nanbyou.or.jp/entry/194
22,https://www.nanbyou.or.jp/entry/47
23,https://www.nanbyou.or.jp/entry/5370
24,https://www.nanbyou.or.jp/entry/42
25,https://www.nanbyou.or.jp/entry/126
26,https://www.nanbyou.or.jp/entry/50
27,https://www.nanbyou.or.jp/entry/3838
28,https://www.nanbyou.or.jp/entry/45
29,https://www.nanbyou.or.jp/entry/3999
30,https://www.nanbyou.or.jp/entry/4002
31,https://www.nanbyou.or.jp/entry/4005
32,https://www.nanbyou.or.jp/entry/3823
33,https://www.nanbyou.or.jp/entry/3957
34,https://www.nanbyou.or.jp/entry/5361
35,https://www.nanbyou.or.jp/entry/153
36,https://www.nanbyou.or.jp/entry/5338
37,https://www.nanbyou.or.jp/entry/168
38,https://www.nanbyou.or.jp/entry/4073
39,https://www.nanbyou.or.jp/entry/4036
40,https://www.nanbyou.or.jp/entry/141
41,https://www.nanbyou.or.jp/entry/3928
42,https://www.nanbyou.or.jp/entry/85
43,https://www.nanbyou.or.jp/entry/86
44,https://www.nanbyou.or.jp/entry/4011
45,https://www.nanbyou.or.jp/entry/3877
46,https://www.nanbyou.or.jp/entry/43
47,https://www.nanbyou.or.jp/entry/170
48,https://www.nanbyou.or.jp/entry/4101
49,https://www.nanbyou.or.jp/entry/53
50,https://www.nanbyou.or.jp/entry/4079
51,https://www.nanbyou.or.jp/entry/4026
52,https://www.nanbyou.or.jp/entry/105
53,https://www.nanbyou.or.jp/entry/111
54,https://www.nanbyou.or.jp/entry/132
55,https://www.nanbyou.or.jp/entry/3856
56,https://www.nanbyou.or.jp/entry/187
57,https://www.nanbyou.or.jp/entry/3985
58,https://www.nanbyou.or.jp/entry/177
59,https://www.nanbyou.or.jp/entry/100
60,https://www.nanbyou.or.jp/entry/106
61,https://www.nanbyou.or.jp/entry/114
62,https://www.nanbyou.or.jp/entry/3783
63,https://www.nanbyou.or.jp/entry/157
64,https://www.nanbyou.or.jp/entry/87
65,https://www.nanbyou.or.jp/entry/95
66,https://www.nanbyou.or.jp/entry/41
67,https://www.nanbyou.or.jp/entry/146
68,https://www.nanbyou.or.jp/entry/58
69,https://www.nanbyou.or.jp/entry/98
70,https://www.nanbyou.or.jp/entry/101
71,https://www.nanbyou.or.jp/entry/160
72,https://www.nanbyou.or.jp/entry/3988
73,https://www.nanbyou.or.jp/entry/64
74,https://www.nanbyou.or.jp/entry/4045
75,https://www.nanbyou.or.jp/entry/78
76,https://www.nanbyou.or.jp/entry/4070
77,https://www.nanbyou.or.jp/entry/3922
78,https://www.nanbyou.or.jp/entry/4017
79,https://www.nanbyou.or.jp/entry/65
80,https://www.nanbyou.or.jp/entry/99
81,https://www.nanbyou.or.jp/entry/185
82,https://www.nanbyou.or.jp/entry/3852
83,https://www.nanbyou.or.jp/entry/44
84,https://www.nanbyou.or.jp/entry/110
85,https://www.nanbyou.or.jp/entry/156
86,https://www.nanbyou.or.jp/entry/171
87,https://www.nanbyou.or.jp/entry/3868
88,https://www.nanbyou.or.jp/entry/192
89,https://www.nanbyou.or.jp/entry/173
90,https://www.nanbyou.or.jp/entry/196
91,https://www.nanbyou.or.jp/entry/174
92,https://www.nanbyou.or.jp/entry/162
93,https://www.nanbyou.or.jp/entry/93
94,https://www.nanbyou.or.jp/entry/3967
95,https://www.nanbyou.or.jp/entry/113
96,https://www.nanbyou.or.jp/entry/81
97,https://www.nanbyou.or.jp/entry/62
98,https://www.nanbyou.or.jp/entry/5388
99,https://www.nanbyou.or.jp/entry/3960
100,https://www.nanbyou.or.jp/entry/4064
101,https://www.nanbyou.or.jp/entry/3949
102,https://www.nanbyou.or.jp/entry/4067
103,https://www.nanbyou.or.jp/entry/4095
104,https://www.nanbyou.or.jp/entry/4085
105,https://www.nanbyou.or.jp/entry/4138
106,https://www.nanbyou.or.jp/entry/3994
107,https://www.nanbyou.or.jp/entry/3946
108,https://www.nanbyou.or.jp/entry/4033
109,https://www.nanbyou.or.jp/entry/3846
110,https://www.nanbyou.or.jp/entry/3826
111,https://www.nanbyou.or.jp/entry/4726
112,https://www.nanbyou.or.jp/entry/4786
113,https://www.nanbyou.or.jp/entry/4522
114,https://www.nanbyou.or.jp/entry/4519
115,https://www.nanbyou.or.jp/entry/4528
116,https://www.nanbyou.or.jp/entry/4723
117,https://www.nanbyou.or.jp/entry/133
118,https://www.nanbyou.or.jp/entry/4633
119,https://www.nanbyou.or.jp/entry/5508
120,https://www.nanbyou.or.jp/entry/4898
121,https://www.nanbyou.or.jp/entry/4807
122,https://www.nanbyou.or.jp/entry/4810
123,https://www.nanbyou.or.jp/entry/4549
124,https://www.nanbyou.or.jp/entry/4444
125,https://www.nanbyou.or.jp/entry/4498
126,https://www.nanbyou.or.jp/entry/4702
127,https://www.nanbyou.or.jp/entry/4840
128,https://www.nanbyou.or.jp/entry/4462
129,https://www.nanbyou.or.jp/entry/4513
130,https://www.nanbyou.or.jp/entry/4360
131,https://www.nanbyou.or.jp/entry/4345
132,https://www.nanbyou.or.jp/entry/4335
133,https://www.nanbyou.or.jp/entry/5326
134,https://www.nanbyou.or.jp/entry/4402
135,https://www.nanbyou.or.jp/entry/4393
136,https://www.nanbyou.or.jp/entry/4783
137,https://www.nanbyou.or.jp/entry/4456
138,https://www.nanbyou.or.jp/entry/4396
139,https://www.nanbyou.or.jp/entry/4886
140,https://www.nanbyou.or.jp/entry/4744
141,https://www.nanbyou.or.jp/entry/4438
142,https://www.nanbyou.or.jp/entry/4597
143,https://www.nanbyou.or.jp/entry/4417
144,https://www.nanbyou.or.jp/entry/4889
145,https://www.nanbyou.or.jp/entry/4414
146,https://www.nanbyou.or.jp/entry/4381
147,https://www.nanbyou.or.jp/entry/4705
148,https://www.nanbyou.or.jp/entry/4717
149,https://www.nanbyou.or.jp/entry/4408
150,https://www.nanbyou.or.jp/entry/4576
151,https://www.nanbyou.or.jp/entry/4339
152,https://www.nanbyou.or.jp/entry/4642
153,https://www.nanbyou.or.jp/entry/4459
154,https://www.nanbyou.or.jp/entry/4654
155,https://www.nanbyou.or.jp/entry/4411
156,https://www.nanbyou.or.jp/entry/4366
157,https://www.nanbyou.or.jp/entry/4307
158,https://www.nanbyou.or.jp/entry/4384
159,https://www.nanbyou.or.jp/entry/112
160,https://www.nanbyou.or.jp/entry/139
161,https://www.nanbyou.or.jp/entry/4489
162,https://www.nanbyou.or.jp/entry/4525
163,https://www.nanbyou.or.jp/entry/4390
164,https://www.nanbyou.or.jp/entry/4492
165,https://www.nanbyou.or.jp/entry/4603
166,https://www.nanbyou.or.jp/entry/4579
167,https://www.nanbyou.or.jp/entry/4792
168,https://www.nanbyou.or.jp/entry/4801
169,https://www.nanbyou.or.jp/entry/4729
170,https://www.nanbyou.or.jp/entry/4555
171,https://www.nanbyou.or.jp/entry/4543
172,https://www.nanbyou.or.jp/entry/4564
173,https://www.nanbyou.or.jp/entry/4850
174,https://www.nanbyou.or.jp/entry/4256
175,https://www.nanbyou.or.jp/entry/4684
176,https://www.nanbyou.or.jp/entry/4666
177,https://www.nanbyou.or.jp/entry/4552
178,https://www.nanbyou.or.jp/entry/4594
179,https://www.nanbyou.or.jp/entry/4765
180,https://www.nanbyou.or.jp/entry/4432
181,https://www.nanbyou.or.jp/entry/4672
182,https://www.nanbyou.or.jp/entry/4678
183,https://www.nanbyou.or.jp/entry/4675
184,https://www.nanbyou.or.jp/entry/4669
185,https://www.nanbyou.or.jp/entry/4762
186,https://www.nanbyou.or.jp/entry/4471
187,https://www.nanbyou.or.jp/entry/4663
188,https://www.nanbyou.or.jp/entry/5335
189,https://www.nanbyou.or.jp/entry/5341
190,https://www.nanbyou.or.jp/entry/4387
191,https://www.nanbyou.or.jp/entry/5320
192,https://www.nanbyou.or.jp/entry/4435
193,https://www.nanbyou.or.jp/entry/4768
194,https://www.nanbyou.or.jp/entry/4777
195,https://www.nanbyou.or.jp/entry/4865
196,https://www.nanbyou.or.jp/entry/4759
197,https://www.nanbyou.or.jp/entry/4495
198,https://www.nanbyou.or.jp/entry/4804
199,https://www.nanbyou.or.jp/entry/4862
200,https://www.nanbyou.or.jp/entry/4687
201,https://www.nanbyou.or.jp/entry/4771
202,https://www.nanbyou.or.jp/entry/4853
203,https://www.nanbyou.or.jp/entry/5317
204,https://www.nanbyou.or.jp/entry/4609
205,https://www.nanbyou.or.jp/entry/4615
206,https://www.nanbyou.or.jp/entry/4612
207,https://www.nanbyou.or.jp/entry/4895
208,https://www.nanbyou.or.jp/entry/4474
209,https://www.nanbyou.or.jp/entry/4477
210,https://www.nanbyou.or.jp/entry/4369
211,https://www.nanbyou.or.jp/entry/4372
212,https://www.nanbyou.or.jp/entry/4480
213,https://www.nanbyou.or.jp/entry/4483
214,https://www.nanbyou.or.jp/entry/4876
215,https://www.nanbyou.or.jp/entry/4741
216,https://www.nanbyou.or.jp/entry/4873
217,https://www.nanbyou.or.jp/entry/4486
218,https://www.nanbyou.or.jp/entry/4348
219,https://www.nanbyou.or.jp/entry/4468
220,https://www.nanbyou.or.jp/entry/74
221,https://www.nanbyou.or.jp/entry/4378
222,https://www.nanbyou.or.jp/entry/4516
223,https://www.nanbyou.or.jp/entry/4423
224,https://www.nanbyou.or.jp/entry/4657
225,https://www.nanbyou.or.jp/entry/5537
226,https://www.nanbyou.or.jp/entry/4429
227,https://www.nanbyou.or.jp/entry/4351
228,https://www.nanbyou.or.jp/entry/4720
229,https://www.nanbyou.or.jp/entry/4774
230,https://www.nanbyou.or.jp/entry/172
231,https://www.nanbyou.or.jp/entry/4738
232,https://www.nanbyou.or.jp/entry/4753
233,https://www.nanbyou.or.jp/entry/4789
234,https://www.nanbyou.or.jp/entry/4621
235,https://www.nanbyou.or.jp/entry/4426
236,https://www.nanbyou.or.jp/entry/72
237,https://www.nanbyou.or.jp/entry/4357
238,https://www.nanbyou.or.jp/entry/4558
239,https://www.nanbyou.or.jp/entry/4561
240,https://www.nanbyou.or.jp/entry/4747
241,https://www.nanbyou.or.jp/entry/4690
242,https://www.nanbyou.or.jp/entry/4693
243,https://www.nanbyou.or.jp/entry/4696
244,https://www.nanbyou.or.jp/entry/4813
245,https://www.nanbyou.or.jp/entry/5323
246,https://www.nanbyou.or.jp/entry/4859
247,https://www.nanbyou.or.jp/entry/4816
248,https://www.nanbyou.or.jp/entry/4453
249,https://www.nanbyou.or.jp/entry/4831
250,https://www.nanbyou.or.jp/entry/4819
251,https://www.nanbyou.or.jp/entry/4732
252,https://www.nanbyou.or.jp/entry/4681
253,https://www.nanbyou.or.jp/entry/4822
254,https://www.nanbyou.or.jp/entry/5545
255,https://www.nanbyou.or.jp/entry/4825
256,https://www.nanbyou.or.jp/entry/4711
257,https://www.nanbyou.or.jp/entry/5329
258,https://www.nanbyou.or.jp/entry/4828
259,https://www.nanbyou.or.jp/entry/4546
260,https://www.nanbyou.or.jp/entry/4856
261,https://www.nanbyou.or.jp/entry/4585
262,https://www.nanbyou.or.jp/entry/4883
263,https://www.nanbyou.or.jp/entry/4618
264,https://www.nanbyou.or.jp/entry/4573
265,https://www.nanbyou.or.jp/entry/5332
266,https://www.nanbyou.or.jp/entry/4447
267,https://www.nanbyou.or.jp/entry/4750
268,https://www.nanbyou.or.jp/entry/4582
269,https://www.nanbyou.or.jp/entry/4795
270,https://www.nanbyou.or.jp/entry/4465
271,https://www.nanbyou.or.jp/entry/4847
272,https://www.nanbyou.or.jp/entry/54
273,https://www.nanbyou.or.jp/entry/4645
274,https://www.nanbyou.or.jp/entry/4567
275,https://www.nanbyou.or.jp/entry/4714
276,https://www.nanbyou.or.jp/entry/4570
277,https://www.nanbyou.or.jp/entry/4636
278,https://www.nanbyou.or.jp/entry/4892
279,https://www.nanbyou.or.jp/entry/4756
280,https://www.nanbyou.or.jp/entry/4630
281,https://www.nanbyou.or.jp/entry/4600
282,https://www.nanbyou.or.jp/entry/4363
283,https://www.nanbyou.or.jp/entry/4450
284,https://www.nanbyou.or.jp/entry/4420
285,https://www.nanbyou.or.jp/entry/4441
286,https://www.nanbyou.or.jp/entry/4405
287,https://www.nanbyou.or.jp/entry/4651
288,https://www.nanbyou.or.jp/entry/4648
289,https://www.nanbyou.or.jp/entry/4606
290,https://www.nanbyou.or.jp/entry/4708
291,https://www.nanbyou.or.jp/entry/4699
292,https://www.nanbyou.or.jp/entry/4591
293,https://www.nanbyou.or.jp/entry/4588
294,https://www.nanbyou.or.jp/entry/4510
295,https://www.nanbyou.or.jp/entry/4639
296,https://www.nanbyou.or.jp/entry/4735
297,https://www.nanbyou.or.jp/entry/4844
298,https://www.nanbyou.or.jp/entry/4780
299,https://www.nanbyou.or.jp/entry/4531
300,https://www.nanbyou.or.jp/entry/4504
301,https://www.nanbyou.or.jp/entry/4798
302,https://www.nanbyou.or.jp/entry/4660
303,https://www.nanbyou.or.jp/entry/4624
304,https://www.nanbyou.or.jp/entry/4627
305,https://www.nanbyou.or.jp/entry/148
306,https://www.nanbyou.or.jp/entry/4537
307,https://www.nanbyou.or.jp/entry/5413
308,https://www.nanbyou.or.jp/entry/5416
309,https://www.nanbyou.or.jp/entry/5425
310,https://www.nanbyou.or.jp/entry/5500
311,https://www.nanbyou.or.jp/entry/5395
312,https://www.nanbyou.or.jp/entry/5398
313,https://www.nanbyou.or.jp/entry/5401
314,https://www.nanbyou.or.jp/entry/5404
315,https://www.nanbyou.or.jp/entry/5470
316,https://www.nanbyou.or.jp/entry/5428
317,https://www.nanbyou.or.jp/entry/5431
318,https://www.nanbyou.or.jp/entry/5434
319,https://www.nanbyou.or.jp/entry/5437
320,https://www.nanbyou.or.jp/entry/5410
321,https://www.nanbyou.or.jp/entry/5440
322,https://www.nanbyou.or.jp/entry/5443
323,https://www.nanbyou.or.jp/entry/5446
324,https://www.nanbyou.or.jp/entry/5449
325,https://www.nanbyou.or.jp/entry/5407
326,https://www.nanbyou.or.jp/entry/5392
327,https://www.nanbyou.or.jp/entry/5419
328,https://www.nanbyou.or.jp/entry/5455
329,https://www.nanbyou.or.jp/entry/5452
330,https://www.nanbyou.or.jp/entry/5422
331,https://www.nanbyou.or.jp/entry/5749
332,https://www.nanbyou.or.jp/entry/6016
333,https://www.nanbyou.or.jp/entry/6013
334,https://www.nanbyou.or.jp/entry/22429
335,https://www.nanbyou.or.jp/entry/22436
336,https://www.nanbyou.or.jp/entry/22445
337,https://www.nanbyou.or.jp/entry/22375
338,https://www.nanbyou.or.jp/entry/22457
339,https://www.nanbyou.or.jp/entry/28597
340,https://www.nanbyou.or.jp/entry/28600
341,https://www.nanbyou.or.jp/entry/28603
